firefox,firefox
fx,firefox
ff,firefox
firfox,firefox
firfoxe,firefox
slower,slow
quite,quite
faster,fast
helper,help
macbook,mac
mozila,mozilla
google.com,google
flash player,flash
utube,youtube
tube, 'youtube
conection, 'connect
conect, 'connect
conected, 'connect
responces,respons
responce,respons
colours,color
colour,color
crach,crash
craches,crash
soo,so
monzilla,mozilla
facebookcom,facebook
pogocom,pogo
firefoxexe,firefox
ebaycom,ebay
yahoocom,yahoo
cnncom,cnn
adons,addon
adon,addon
nonresponsive,responsiv
plugincontainerexe,plugincontainer
firefoxi,firefox
brower,browser
browers,browser
chromei,chrome
wwwgooglecom,google
amazoncom,amazon
sooo,so
soooo,so
sloow,slow
slooow,slow
slooww,slow
sloooww,slow
slowly,slow
plz,pleas
pls,pleas
acces,access
vedios,video
vedio,video
accidentally,accid
laggy,lag
pls,pleas
uninst,uninstal
uninstal,uninstal
tnx,thank
thx,thank
chorme,chrome
thankyou,thank